"filename", "language", "YAML", "Dart", "Markdown", "JSON", "HTML", "Swift", "C++", "XML", "Groovy", "Properties", "comment", "blank", "total"
"d:\flutter_projects\main\youtube-flutter-clone\.github\workflows\ci.yml", "YAML", 26, 0, 0, 0, 0, 0, 0, 0, 0, 0, 4, 7, 37
"d:\flutter_projects\main\youtube-flutter-clone\.github\workflows\firebase-hosting-merge.yml", "YAML", 16, 0, 0, 0, 0, 0, 0, 0, 0, 0, 2, 1, 19
"d:\flutter_projects\main\youtube-flutter-clone\.github\workflows\firebase-hosting-pull-request.yml", "YAML", 14, 0, 0, 0, 0, 0, 0, 0, 0, 0, 2, 1, 17
"d:\flutter_projects\main\youtube-flutter-clone\.github\workflows\releases.yml", "YAML", 28, 0, 0, 0, 0, 0, 0, 0, 0, 0, 6, 2, 36
"d:\flutter_projects\main\youtube-flutter-clone\README.md", "Markdown", 0, 0, 10, 0, 0, 0, 0, 0, 0, 0, 0, 7, 17
"d:\flutter_projects\main\youtube-flutter-clone\analysis_options.yaml", "YAML", 3, 0, 0, 0, 0, 0, 0, 0, 0, 0, 23, 4, 30
"d:\flutter_projects\main\youtube-flutter-clone\android\app\build.gradle", "Groovy", 0, 0, 0, 0, 0, 0, 0, 0, 56, 0, 5, 15, 76
"d:\flutter_projects\main\youtube-flutter-clone\android\app\src\debug\AndroidManifest.xml", "XML", 0, 0, 0, 0, 0, 0, 0, 4, 0, 0, 4, 1, 9
"d:\flutter_projects\main\youtube-flutter-clone\android\app\src\main\AndroidManifest.xml", "XML", 0, 0, 0, 0, 0, 0, 0, 32, 0, 0, 6, 3, 41
"d:\flutter_projects\main\youtube-flutter-clone\android\app\src\main\res\drawable-v21\launch_background.xml", "XML", 0, 0, 0, 0, 0, 0, 0, 4, 0, 0, 7, 2, 13
"d:\flutter_projects\main\youtube-flutter-clone\android\app\src\main\res\drawable\launch_background.xml", "XML", 0, 0, 0, 0, 0, 0, 0, 4, 0, 0, 7, 2, 13
"d:\flutter_projects\main\youtube-flutter-clone\android\app\src\main\res\values-night\styles.xml", "XML", 0, 0, 0, 0, 0, 0, 0, 9, 0, 0, 9, 1, 19
"d:\flutter_projects\main\youtube-flutter-clone\android\app\src\main\res\values\styles.xml", "XML", 0, 0, 0, 0, 0, 0, 0, 9, 0, 0, 9, 1, 19
"d:\flutter_projects\main\youtube-flutter-clone\android\app\src\profile\AndroidManifest.xml", "XML", 0, 0, 0, 0, 0, 0, 0, 4, 0, 0, 4, 1, 9
"d:\flutter_projects\main\youtube-flutter-clone\android\build.gradle", "Groovy", 0, 0, 0, 0, 0, 0, 0, 0, 27, 0, 0, 5, 32
"d:\flutter_projects\main\youtube-flutter-clone\android\gradle.properties", "Properties", 0, 0, 0, 0, 0, 0, 0, 0, 0, 3, 0, 1, 4
"d:\flutter_projects\main\youtube-flutter-clone\android\gradle\wrapper\gradle-wrapper.properties", "Properties", 0, 0, 0, 0, 0, 0, 0, 0, 0, 5, 0, 1, 6
"d:\flutter_projects\main\youtube-flutter-clone\android\settings.gradle", "Groovy", 0, 0, 0, 0, 0, 0, 0, 0, 8, 0, 0, 4, 12
"d:\flutter_projects\main\youtube-flutter-clone\assets\icons\americanexpress-light-large.svg", "XML", 0, 0, 0, 0, 0, 0, 0, 8, 0, 0, 0, 1, 9
"d:\flutter_projects\main\youtube-flutter-clone\assets\icons\arrow-left.svg", "XML", 0, 0, 0, 0, 0, 0, 0, 6, 0, 0, 0, 1, 7
"d:\flutter_projects\main\youtube-flutter-clone\assets\icons\arrow-up.svg", "XML", 0, 0, 0, 0, 0, 0, 0, 6, 0, 0, 0, 1, 7
"d:\flutter_projects\main\youtube-flutter-clone\assets\icons\bell.svg", "XML", 0, 0, 0, 0, 0, 0, 0, 6, 0, 0, 0, 1, 7
"d:\flutter_projects\main\youtube-flutter-clone\assets\icons\big-star.svg", "XML", 0, 0, 0, 0, 0, 0, 0, 3, 0, 0, 0, 1, 4
"d:\flutter_projects\main\youtube-flutter-clone\assets\icons\calendar.svg", "XML", 0, 0, 0, 0, 0, 0, 0, 8, 0, 0, 0, 1, 9
"d:\flutter_projects\main\youtube-flutter-clone\assets\icons\camera.svg", "XML", 0, 0, 0, 0, 0, 0, 0, 6, 0, 0, 0, 1, 7
"d:\flutter_projects\main\youtube-flutter-clone\assets\icons\chevron-right.svg", "XML", 0, 0, 0, 0, 0, 0, 0, 3, 0, 0, 0, 1, 4
"d:\flutter_projects\main\youtube-flutter-clone\assets\icons\chrome.svg", "XML", 0, 0, 0, 0, 0, 0, 0, 9, 0, 0, 0, 1, 10
"d:\flutter_projects\main\youtube-flutter-clone\assets\icons\cirrus-light-large.svg", "XML", 0, 0, 0, 0, 0, 0, 0, 12, 0, 0, 0, 1, 13
"d:\flutter_projects\main\youtube-flutter-clone\assets\icons\close.svg", "XML", 0, 0, 0, 0, 0, 0, 0, 1, 0, 0, 0, 0, 1
"d:\flutter_projects\main\youtube-flutter-clone\assets\icons\compass.svg", "XML", 0, 0, 0, 0, 0, 0, 0, 6, 0, 0, 0, 1, 7
"d:\flutter_projects\main\youtube-flutter-clone\assets\icons\discover-light-large.svg", "XML", 0, 0, 0, 0, 0, 0, 0, 16, 0, 0, 0, 1, 17
"d:\flutter_projects\main\youtube-flutter-clone\assets\icons\edit.svg", "XML", 0, 0, 0, 0, 0, 0, 0, 6, 0, 0, 0, 1, 7
"d:\flutter_projects\main\youtube-flutter-clone\assets\icons\eye-off.svg", "XML", 0, 0, 0, 0, 0, 0, 0, 6, 0, 0, 0, 1, 7
"d:\flutter_projects\main\youtube-flutter-clone\assets\icons\eye.svg", "XML", 0, 0, 0, 0, 0, 0, 0, 6, 0, 0, 0, 1, 7
"d:\flutter_projects\main\youtube-flutter-clone\assets\icons\eye_on.svg", "XML", 0, 0, 0, 0, 0, 0, 0, 6, 0, 0, 0, 1, 7
"d:\flutter_projects\main\youtube-flutter-clone\assets\icons\facebook.svg", "XML", 0, 0, 0, 0, 0, 0, 0, 3, 0, 0, 0, 1, 4
"d:\flutter_projects\main\youtube-flutter-clone\assets\icons\favorite.svg", "XML", 0, 0, 0, 0, 0, 0, 0, 1, 0, 0, 0, 0, 1
"d:\flutter_projects\main\youtube-flutter-clone\assets\icons\folder-plus.svg", "XML", 0, 0, 0, 0, 0, 0, 0, 7, 0, 0, 0, 1, 8
"d:\flutter_projects\main\youtube-flutter-clone\assets\icons\globe.svg", "XML", 0, 0, 0, 0, 0, 0, 0, 7, 0, 0, 0, 1, 8
"d:\flutter_projects\main\youtube-flutter-clone\assets\icons\heart.svg", "XML", 0, 0, 0, 0, 0, 0, 0, 3, 0, 0, 0, 1, 4
"d:\flutter_projects\main\youtube-flutter-clone\assets\icons\help-circle-big.svg", "XML", 0, 0, 0, 0, 0, 0, 0, 7, 0, 0, 0, 1, 8
"d:\flutter_projects\main\youtube-flutter-clone\assets\icons\help-circle.svg", "XML", 0, 0, 0, 0, 0, 0, 0, 7, 0, 0, 0, 1, 8
"d:\flutter_projects\main\youtube-flutter-clone\assets\icons\home-black.svg", "XML", 0, 0, 0, 0, 0, 0, 0, 1, 0, 0, 0, 0, 1
"d:\flutter_projects\main\youtube-flutter-clone\assets\icons\home.svg", "XML", 0, 0, 0, 0, 0, 0, 0, 1, 0, 0, 0, 0, 1
"d:\flutter_projects\main\youtube-flutter-clone\assets\icons\instagram.svg", "XML", 0, 0, 0, 0, 0, 0, 0, 7, 0, 0, 0, 1, 8
"d:\flutter_projects\main\youtube-flutter-clone\assets\icons\like.svg", "XML", 0, 0, 0, 0, 0, 0, 0, 1, 0, 0, 0, 0, 1
"d:\flutter_projects\main\youtube-flutter-clone\assets\icons\maestro-light-large.svg", "XML", 0, 0, 0, 0, 0, 0, 0, 12, 0, 0, 0, 1, 13
"d:\flutter_projects\main\youtube-flutter-clone\assets\icons\mail (1).svg", "XML", 0, 0, 0, 0, 0, 0, 0, 6, 0, 0, 0, 1, 7
"d:\flutter_projects\main\youtube-flutter-clone\assets\icons\mail.svg", "XML", 0, 0, 0, 0, 0, 0, 0, 6, 0, 0, 0, 1, 7
"d:\flutter_projects\main\youtube-flutter-clone\assets\icons\map-pin (1).svg", "XML", 0, 0, 0, 0, 0, 0, 0, 6, 0, 0, 0, 1, 7
"d:\flutter_projects\main\youtube-flutter-clone\assets\icons\map-pin-small.svg", "XML", 0, 0, 0, 0, 0, 0, 0, 6, 0, 0, 0, 1, 7
"d:\flutter_projects\main\youtube-flutter-clone\assets\icons\map-pin.svg", "XML", 0, 0, 0, 0, 0, 0, 0, 6, 0, 0, 0, 1, 7
"d:\flutter_projects\main\youtube-flutter-clone\assets\icons\mastercard-light-large.svg", "XML", 0, 0, 0, 0, 0, 0, 0, 12, 0, 0, 0, 1, 13
"d:\flutter_projects\main\youtube-flutter-clone\assets\icons\menu-chart.svg", "XML", 0, 0, 0, 0, 0, 0, 0, 7, 0, 0, 0, 1, 8
"d:\flutter_projects\main\youtube-flutter-clone\assets\icons\menu-vertical.svg", "XML", 0, 0, 0, 0, 0, 0, 0, 7, 0, 0, 0, 1, 8
"d:\flutter_projects\main\youtube-flutter-clone\assets\icons\menu.svg", "XML", 0, 0, 0, 0, 0, 0, 0, 1, 0, 0, 0, 0, 1
"d:\flutter_projects\main\youtube-flutter-clone\assets\icons\paypal-light-large.svg", "XML", 0, 0, 0, 0, 0, 0, 0, 9, 0, 0, 0, 1, 10
"d:\flutter_projects\main\youtube-flutter-clone\assets\icons\phone.svg", "XML", 0, 0, 0, 0, 0, 0, 0, 3, 0, 0, 0, 1, 4
"d:\flutter_projects\main\youtube-flutter-clone\assets\icons\play.svg", "XML", 0, 0, 0, 0, 0, 0, 0, 3, 0, 0, 0, 1, 4
"d:\flutter_projects\main\youtube-flutter-clone\assets\icons\plus-circle.svg", "XML", 0, 0, 0, 0, 0, 0, 0, 7, 0, 0, 0, 1, 8
"d:\flutter_projects\main\youtube-flutter-clone\assets\icons\plus.svg", "XML", 0, 0, 0, 0, 0, 0, 0, 6, 0, 0, 0, 1, 7
"d:\flutter_projects\main\youtube-flutter-clone\assets\icons\search.svg", "XML", 0, 0, 0, 0, 0, 0, 0, 1, 0, 0, 0, 0, 1
"d:\flutter_projects\main\youtube-flutter-clone\assets\icons\send.svg", "XML", 0, 0, 0, 0, 0, 0, 0, 6, 0, 0, 0, 1, 7
"d:\flutter_projects\main\youtube-flutter-clone\assets\icons\settings.svg", "XML", 0, 0, 0, 0, 0, 0, 0, 4, 0, 0, 0, 1, 5
"d:\flutter_projects\main\youtube-flutter-clone\assets\icons\share-2 (1).svg", "XML", 0, 0, 0, 0, 0, 0, 0, 9, 0, 0, 0, 1, 10
"d:\flutter_projects\main\youtube-flutter-clone\assets\icons\share-2.svg", "XML", 0, 0, 0, 0, 0, 0, 0, 9, 0, 0, 0, 1, 10
"d:\flutter_projects\main\youtube-flutter-clone\assets\icons\shield.svg", "XML", 0, 0, 0, 0, 0, 0, 0, 3, 0, 0, 0, 1, 4
"d:\flutter_projects\main\youtube-flutter-clone\assets\icons\shopping-cart.svg", "XML", 0, 0, 0, 0, 0, 0, 0, 5, 0, 0, 0, 1, 6
"d:\flutter_projects\main\youtube-flutter-clone\assets\icons\small-close.svg", "XML", 0, 0, 0, 0, 0, 0, 0, 6, 0, 0, 0, 1, 7
"d:\flutter_projects\main\youtube-flutter-clone\assets\icons\smartphone.svg", "XML", 0, 0, 0, 0, 0, 0, 0, 6, 0, 0, 0, 1, 7
"d:\flutter_projects\main\youtube-flutter-clone\assets\icons\star (3).svg", "XML", 0, 0, 0, 0, 0, 0, 0, 3, 0, 0, 0, 1, 4
"d:\flutter_projects\main\youtube-flutter-clone\assets\icons\star.svg", "XML", 0, 0, 0, 0, 0, 0, 0, 3, 0, 0, 0, 1, 4
"d:\flutter_projects\main\youtube-flutter-clone\assets\icons\star_2.svg", "XML", 0, 0, 0, 0, 0, 0, 0, 1, 0, 0, 0, 0, 1
"d:\flutter_projects\main\youtube-flutter-clone\assets\icons\star_full.svg", "XML", 0, 0, 0, 0, 0, 0, 0, 1, 0, 0, 0, 0, 1
"d:\flutter_projects\main\youtube-flutter-clone\assets\icons\trash-2.svg", "XML", 0, 0, 0, 0, 0, 0, 0, 8, 0, 0, 0, 1, 9
"d:\flutter_projects\main\youtube-flutter-clone\assets\icons\upload.svg", "XML", 0, 0, 0, 0, 0, 0, 0, 7, 0, 0, 0, 1, 8
"d:\flutter_projects\main\youtube-flutter-clone\assets\icons\user.svg", "XML", 0, 0, 0, 0, 0, 0, 0, 6, 0, 0, 0, 1, 7
"d:\flutter_projects\main\youtube-flutter-clone\assets\icons\visa-light-large.svg", "XML", 0, 0, 0, 0, 0, 0, 0, 4, 0, 0, 0, 1, 5
"d:\flutter_projects\main\youtube-flutter-clone\assets\icons\zap-off.svg", "XML", 0, 0, 0, 0, 0, 0, 0, 8, 0, 0, 0, 1, 9
"d:\flutter_projects\main\youtube-flutter-clone\assets\icons\zap-small.svg", "XML", 0, 0, 0, 0, 0, 0, 0, 3, 0, 0, 0, 1, 4
"d:\flutter_projects\main\youtube-flutter-clone\assets\icons\zap.svg", "XML", 0, 0, 0, 0, 0, 0, 0, 3, 0, 0, 0, 1, 4
"d:\flutter_projects\main\youtube-flutter-clone\ios\Runner\AppDelegate.swift", "Swift", 0, 0, 0, 0, 0, 12, 0, 0, 0, 0, 0, 2, 14
"d:\flutter_projects\main\youtube-flutter-clone\ios\Runner\Assets.xcassets\AppIcon.appiconset\Contents.json", "JSON", 0, 0, 0, 122, 0, 0, 0, 0, 0, 0, 0, 1, 123
"d:\flutter_projects\main\youtube-flutter-clone\ios\Runner\Assets.xcassets\LaunchImage.imageset\Contents.json", "JSON", 0, 0, 0, 23, 0, 0, 0, 0, 0, 0, 0, 1, 24
"d:\flutter_projects\main\youtube-flutter-clone\ios\Runner\Assets.xcassets\LaunchImage.imageset\README.md", "Markdown", 0, 0, 3, 0, 0, 0, 0, 0, 0, 0, 0, 2, 5
"d:\flutter_projects\main\youtube-flutter-clone\ios\Runner\Base.lproj\LaunchScreen.storyboard", "XML", 0, 0, 0, 0, 0, 0, 0, 36, 0, 0, 1, 1, 38
"d:\flutter_projects\main\youtube-flutter-clone\ios\Runner\Base.lproj\Main.storyboard", "XML", 0, 0, 0, 0, 0, 0, 0, 25, 0, 0, 1, 1, 27
"d:\flutter_projects\main\youtube-flutter-clone\ios\Runner\Runner-Bridging-Header.h", "C++", 0, 0, 0, 0, 0, 0, 1, 0, 0, 0, 0, 1, 2
"d:\flutter_projects\main\youtube-flutter-clone\lib\config\routes\route_app.dart", "Dart", 0, 22, 0, 0, 0, 0, 0, 0, 0, 0, 2, 6, 30
"d:\flutter_projects\main\youtube-flutter-clone\lib\config\themes\app_theme.dart", "Dart", 0, 140, 0, 0, 0, 0, 0, 0, 0, 0, 0, 10, 150
"d:\flutter_projects\main\youtube-flutter-clone\lib\config\themes\theme_service.dart", "Dart", 0, 15, 0, 0, 0, 0, 0, 0, 0, 0, 0, 5, 20
"d:\flutter_projects\main\youtube-flutter-clone\lib\core\functions\api_result.dart", "Dart", 0, 9, 0, 0, 0, 0, 0, 0, 0, 0, 0, 4, 13
"d:\flutter_projects\main\youtube-flutter-clone\lib\core\functions\api_result.freezed.dart", "Dart", 0, 282, 0, 0, 0, 0, 0, 0, 0, 0, 18, 45, 345
"d:\flutter_projects\main\youtube-flutter-clone\lib\core\functions\error_model.dart", "Dart", 0, 11, 0, 0, 0, 0, 0, 0, 0, 0, 0, 6, 17
"d:\flutter_projects\main\youtube-flutter-clone\lib\core\functions\error_model.g.dart", "Dart", 0, 10, 0, 0, 0, 0, 0, 0, 0, 0, 4, 5, 19
"d:\flutter_projects\main\youtube-flutter-clone\lib\core\functions\network_exception_model.dart", "Dart", 0, 6, 0, 0, 0, 0, 0, 0, 0, 0, 0, 3, 9
"d:\flutter_projects\main\youtube-flutter-clone\lib\core\functions\network_exceptions.dart", "Dart", 0, 139, 0, 0, 0, 0, 0, 0, 0, 0, 0, 25, 164
"d:\flutter_projects\main\youtube-flutter-clone\lib\core\functions\network_exceptions.freezed.dart", "Dart", 0, 3519, 0, 0, 0, 0, 0, 0, 0, 0, 66, 277, 3862
"d:\flutter_projects\main\youtube-flutter-clone\lib\core\functions\reformat\date_reformat.dart", "Dart", 0, 38, 0, 0, 0, 0, 0, 0, 0, 0, 0, 7, 45
"d:\flutter_projects\main\youtube-flutter-clone\lib\core\functions\reformat\views_reformat.dart", "Dart", 0, 53, 0, 0, 0, 0, 0, 0, 0, 0, 0, 9, 62
"d:\flutter_projects\main\youtube-flutter-clone\lib\core\functions\toast_show.dart", "Dart", 0, 34, 0, 0, 0, 0, 0, 0, 0, 0, 0, 5, 39
"d:\flutter_projects\main\youtube-flutter-clone\lib\core\my_app.dart", "Dart", 0, 62, 0, 0, 0, 0, 0, 0, 0, 0, 0, 7, 69
"d:\flutter_projects\main\youtube-flutter-clone\lib\core\resources\assets_manager.dart", "Dart", 0, 91, 0, 0, 0, 0, 0, 0, 0, 0, 0, 21, 112
"d:\flutter_projects\main\youtube-flutter-clone\lib\core\resources\color_manager.dart", "Dart", 0, 77, 0, 0, 0, 0, 0, 0, 0, 0, 1, 19, 97
"d:\flutter_projects\main\youtube-flutter-clone\lib\core\resources\font_manager.dart", "Dart", 0, 34, 0, 0, 0, 0, 0, 0, 0, 0, 0, 11, 45
"d:\flutter_projects\main\youtube-flutter-clone\lib\core\resources\strings_manager.dart", "Dart", 0, 141, 0, 0, 0, 0, 0, 0, 0, 0, 1, 42, 184
"d:\flutter_projects\main\youtube-flutter-clone\lib\core\resources\styles_manager.dart", "Dart", 0, 51, 0, 0, 0, 0, 0, 0, 0, 0, 0, 8, 59
"d:\flutter_projects\main\youtube-flutter-clone\lib\core\resources\values_manager.dart", "Dart", 0, 65, 0, 0, 0, 0, 0, 0, 0, 0, 0, 7, 72
"d:\flutter_projects\main\youtube-flutter-clone\lib\core\translations\app_lang.dart", "Dart", 0, 26, 0, 0, 0, 0, 0, 0, 0, 0, 0, 7, 33
"d:\flutter_projects\main\youtube-flutter-clone\lib\core\translations\langs\ar.dart", "Dart", 0, 135, 0, 0, 0, 0, 0, 0, 0, 0, 0, 1, 136
"d:\flutter_projects\main\youtube-flutter-clone\lib\core\translations\langs\en.dart", "Dart", 0, 140, 0, 0, 0, 0, 0, 0, 0, 0, 1, 2, 143
"d:\flutter_projects\main\youtube-flutter-clone\lib\core\translations\local_storage\local_storage.dart", "Dart", 0, 9, 0, 0, 0, 0, 0, 0, 0, 0, 0, 3, 12
"d:\flutter_projects\main\youtube-flutter-clone\lib\core\translations\translations.dart", "Dart", 0, 7, 0, 0, 0, 0, 0, 0, 0, 0, 0, 2, 9
"d:\flutter_projects\main\youtube-flutter-clone\lib\core\use_case\use_case.dart", "Dart", 0, 6, 0, 0, 0, 0, 0, 0, 0, 0, 0, 1, 7
"d:\flutter_projects\main\youtube-flutter-clone\lib\core\utility\constants.dart", "Dart", 0, 4, 0, 0, 0, 0, 0, 0, 0, 0, 0, 0, 4
"d:\flutter_projects\main\youtube-flutter-clone\lib\core\utility\injector.dart", "Dart", 0, 186, 0, 0, 0, 0, 0, 0, 0, 0, 9, 42, 237
"d:\flutter_projects\main\youtube-flutter-clone\lib\core\widgets\multi_bloc_provider.dart", "Dart", 0, 40, 0, 0, 0, 0, 0, 0, 0, 0, 0, 4, 44
"d:\flutter_projects\main\youtube-flutter-clone\lib\core\widgets\sliver_app_bar.dart", "Dart", 0, 35, 0, 0, 0, 0, 0, 0, 0, 0, 0, 3, 38
"d:\flutter_projects\main\youtube-flutter-clone\lib\data\data_sources\remote\api\channel\channel_apis.dart", "Dart", 0, 31, 0, 0, 0, 0, 0, 0, 0, 0, 7, 6, 44
"d:\flutter_projects\main\youtube-flutter-clone\lib\data\data_sources\remote\api\channel\channel_apis.g.dart", "Dart", 0, 133, 0, 0, 0, 0, 0, 0, 0, 0, 5, 12, 150
"d:\flutter_projects\main\youtube-flutter-clone\lib\data\data_sources\remote\api\channel\channel_playlist\channel_playlist_apis.dart", "Dart", 0, 21, 0, 0, 0, 0, 0, 0, 0, 0, 0, 4, 25
"d:\flutter_projects\main\youtube-flutter-clone\lib\data\data_sources\remote\api\channel\channel_playlist\channel_playlist_apis.g.dart", "Dart", 0, 79, 0, 0, 0, 0, 0, 0, 0, 0, 5, 10, 94
"d:\flutter_projects\main\youtube-flutter-clone\lib\data\data_sources\remote\api\channel\channel_videos\channel_videos_apis.dart", "Dart", 0, 22, 0, 0, 0, 0, 0, 0, 0, 0, 0, 3, 25
"d:\flutter_projects\main\youtube-flutter-clone\lib\data\data_sources\remote\api\channel\channel_videos\channel_videos_apis.g.dart", "Dart", 0, 83, 0, 0, 0, 0, 0, 0, 0, 0, 5, 10, 98
"d:\flutter_projects\main\youtube-flutter-clone\lib\data\data_sources\remote\api\search\auto_complete_search\auto_complete_text_apis.dart", "Dart", 0, 19, 0, 0, 0, 0, 0, 0, 0, 0, 0, 7, 26
"d:\flutter_projects\main\youtube-flutter-clone\lib\data\data_sources\remote\api\search\search_apis.dart", "Dart", 0, 20, 0, 0, 0, 0, 0, 0, 0, 0, 0, 4, 24
"d:\flutter_projects\main\youtube-flutter-clone\lib\data\data_sources\remote\api\search\search_apis.g.dart", "Dart", 0, 79, 0, 0, 0, 0, 0, 0, 0, 0, 5, 10, 94
"d:\flutter_projects\main\youtube-flutter-clone\lib\data\data_sources\remote\api\single_video\commet\comment_apis.dart", "Dart", 0, 32, 0, 0, 0, 0, 0, 0, 0, 0, 1, 6, 39
"d:\flutter_projects\main\youtube-flutter-clone\lib\data\data_sources\remote\api\single_video\commet\comment_apis.g.dart", "Dart", 0, 136, 0, 0, 0, 0, 0, 0, 0, 0, 5, 12, 153
"d:\flutter_projects\main\youtube-flutter-clone\lib\data\data_sources\remote\api\single_video\single_video_apis.dart", "Dart", 0, 21, 0, 0, 0, 0, 0, 0, 0, 0, 7, 5, 33
"d:\flutter_projects\main\youtube-flutter-clone\lib\data\data_sources\remote\api\single_video\single_video_apis.g.dart", "Dart", 0, 80, 0, 0, 0, 0, 0, 0, 0, 0, 5, 10, 95
"d:\flutter_projects\main\youtube-flutter-clone\lib\data\data_sources\remote\api\videos\try.dart", "Dart", 0, 0, 0, 0, 0, 0, 0, 0, 0, 0, 220, 1, 221
"d:\flutter_projects\main\youtube-flutter-clone\lib\data\data_sources\remote\api\videos\videos_apis.dart", "Dart", 0, 32, 0, 0, 0, 0, 0, 0, 0, 0, 1, 6, 39
"d:\flutter_projects\main\youtube-flutter-clone\lib\data\data_sources\remote\api\videos\videos_apis.g.dart", "Dart", 0, 123, 0, 0, 0, 0, 0, 0, 0, 0, 5, 12, 140
"d:\flutter_projects\main\youtube-flutter-clone\lib\data\models\channel_details\channel_details.dart", "Dart", 0, 80, 0, 0, 0, 0, 0, 0, 0, 0, 0, 20, 100
"d:\flutter_projects\main\youtube-flutter-clone\lib\data\models\channel_details\channel_details.g.dart", "Dart", 0, 60, 0, 0, 0, 0, 0, 0, 0, 0, 4, 9, 73
"d:\flutter_projects\main\youtube-flutter-clone\lib\data\models\channel_details\channel_sub_details\channel_sub_details_extension.dart", "Dart", 0, 22, 0, 0, 0, 0, 0, 0, 0, 0, 1, 6, 29
"d:\flutter_projects\main\youtube-flutter-clone\lib\data\models\channel_details\my_subscriptions_details.dart", "Dart", 0, 47, 0, 0, 0, 0, 0, 0, 0, 0, 0, 14, 61
"d:\flutter_projects\main\youtube-flutter-clone\lib\data\models\channel_details\my_subscriptions_details.g.dart", "Dart", 0, 42, 0, 0, 0, 0, 0, 0, 0, 0, 4, 7, 53
"d:\flutter_projects\main\youtube-flutter-clone\lib\data\models\channel_details\playlists\playlist_videos.dart", "Dart", 0, 56, 0, 0, 0, 0, 0, 0, 0, 0, 0, 14, 70
"d:\flutter_projects\main\youtube-flutter-clone\lib\data\models\channel_details\playlists\playlist_videos.g.dart", "Dart", 0, 51, 0, 0, 0, 0, 0, 0, 0, 0, 4, 7, 62
"d:\flutter_projects\main\youtube-flutter-clone\lib\data\models\channel_details\playlists\playlists.dart", "Dart", 0, 28, 0, 0, 0, 0, 0, 0, 0, 0, 0, 11, 39
"d:\flutter_projects\main\youtube-flutter-clone\lib\data\models\channel_details\playlists\playlists.g.dart", "Dart", 0, 27, 0, 0, 0, 0, 0, 0, 0, 0, 4, 6, 37
"d:\flutter_projects\main\youtube-flutter-clone\lib\data\models\channel_details\subscribe_request_body.dart", "Dart", 0, 12, 0, 0, 0, 0, 0, 0, 0, 0, 0, 1, 13
"d:\flutter_projects\main\youtube-flutter-clone\lib\data\models\comment_details\comment_body\comment_body.dart", "Dart", 0, 23, 0, 0, 0, 0, 0, 0, 0, 0, 0, 10, 33
"d:\flutter_projects\main\youtube-flutter-clone\lib\data\models\comment_details\comment_body\comment_body.g.dart", "Dart", 0, 21, 0, 0, 0, 0, 0, 0, 0, 0, 4, 7, 32
"d:\flutter_projects\main\youtube-flutter-clone\lib\data\models\comment_details\comment_details.dart", "Dart", 0, 45, 0, 0, 0, 0, 0, 0, 0, 0, 0, 13, 58
"d:\flutter_projects\main\youtube-flutter-clone\lib\data\models\comment_details\comment_details.g.dart", "Dart", 0, 39, 0, 0, 0, 0, 0, 0, 0, 0, 4, 7, 50
"d:\flutter_projects\main\youtube-flutter-clone\lib\data\models\comment_details\common\comment_snippet.dart", "Dart", 0, 0, 0, 0, 0, 0, 0, 0, 0, 0, 0, 1, 1
"d:\flutter_projects\main\youtube-flutter-clone\lib\data\models\common\base_comment_snippet\author_channel_id.dart", "Dart", 0, 9, 0, 0, 0, 0, 0, 0, 0, 0, 0, 5, 14
"d:\flutter_projects\main\youtube-flutter-clone\lib\data\models\common\base_comment_snippet\author_channel_id.g.dart", "Dart", 0, 5, 0, 0, 0, 0, 0, 0, 0, 0, 4, 4, 13
"d:\flutter_projects\main\youtube-flutter-clone\lib\data\models\common\base_comment_snippet\sub_comment_snippet.dart", "Dart", 0, 33, 0, 0, 0, 0, 0, 0, 0, 0, 0, 5, 38
"d:\flutter_projects\main\youtube-flutter-clone\lib\data\models\common\base_comment_snippet\sub_comment_snippet.g.dart", "Dart", 0, 19, 0, 0, 0, 0, 0, 0, 0, 0, 4, 4, 27
"d:\flutter_projects\main\youtube-flutter-clone\lib\data\models\common\base_snippet\base_snippet.dart", "Dart", 0, 21, 0, 0, 0, 0, 0, 0, 0, 0, 0, 6, 27
"d:\flutter_projects\main\youtube-flutter-clone\lib\data\models\common\base_snippet\base_snippet.g.dart", "Dart", 0, 13, 0, 0, 0, 0, 0, 0, 0, 0, 4, 4, 21
"d:\flutter_projects\main\youtube-flutter-clone\lib\data\models\common\page_info\page_info.dart", "Dart", 0, 10, 0, 0, 0, 0, 0, 0, 0, 0, 0, 5, 15
"d:\flutter_projects\main\youtube-flutter-clone\lib\data\models\common\page_info\page_info.g.dart", "Dart", 0, 5, 0, 0, 0, 0, 0, 0, 0, 0, 4, 4, 13
"d:\flutter_projects\main\youtube-flutter-clone\lib\data\models\common\thumbnail_details\high_thumbnail_details.dart", "Dart", 0, 11, 0, 0, 0, 0, 0, 0, 0, 0, 0, 5, 16
"d:\flutter_projects\main\youtube-flutter-clone\lib\data\models\common\thumbnail_details\high_thumbnail_details.g.dart", "Dart", 0, 10, 0, 0, 0, 0, 0, 0, 0, 0, 4, 4, 18
"d:\flutter_projects\main\youtube-flutter-clone\lib\data\models\common\thumbnail_details\max_thumbnail_details.dart", "Dart", 0, 16, 0, 0, 0, 0, 0, 0, 0, 0, 0, 6, 22
"d:\flutter_projects\main\youtube-flutter-clone\lib\data\models\common\thumbnail_details\max_thumbnail_details.g.dart", "Dart", 0, 20, 0, 0, 0, 0, 0, 0, 0, 0, 4, 4, 28
"d:\flutter_projects\main\youtube-flutter-clone\lib\data\models\common\thumbnail_details\thumbnail_details.dart", "Dart", 0, 11, 0, 0, 0, 0, 0, 0, 0, 0, 0, 6, 17
"d:\flutter_projects\main\youtube-flutter-clone\lib\data\models\common\thumbnail_details\thumbnail_details.g.dart", "Dart", 0, 7, 0, 0, 0, 0, 0, 0, 0, 0, 4, 4, 15
"d:\flutter_projects\main\youtube-flutter-clone\lib\data\models\common\videos_ids\videos_ids.dart", "Dart", 0, 29, 0, 0, 0, 0, 0, 0, 0, 0, 0, 11, 40
"d:\flutter_projects\main\youtube-flutter-clone\lib\data\models\common\videos_ids\videos_ids.g.dart", "Dart", 0, 24, 0, 0, 0, 0, 0, 0, 0, 0, 4, 6, 34
"d:\flutter_projects\main\youtube-flutter-clone\lib\data\models\reply_details\reply_details.dart", "Dart", 0, 37, 0, 0, 0, 0, 0, 0, 0, 0, 0, 15, 52
"d:\flutter_projects\main\youtube-flutter-clone\lib\data\models\reply_details\reply_details.g.dart", "Dart", 0, 31, 0, 0, 0, 0, 0, 0, 0, 0, 4, 7, 42
"d:\flutter_projects\main\youtube-flutter-clone\lib\data\models\searched_video_details\searched_video_details.dart", "Dart", 0, 61, 0, 0, 0, 0, 0, 0, 0, 0, 0, 15, 76
"d:\flutter_projects\main\youtube-flutter-clone\lib\data\models\searched_video_details\searched_video_details.g.dart", "Dart", 0, 45, 0, 0, 0, 0, 0, 0, 0, 0, 4, 7, 56
"d:\flutter_projects\main\youtube-flutter-clone\lib\data\models\searched_video_details\searched_video_extension.dart", "Dart", 0, 0, 0, 0, 0, 0, 0, 0, 0, 0, 0, 1, 1
"d:\flutter_projects\main\youtube-flutter-clone\lib\data\models\suggestion_texts\suggestion_texts.dart", "Dart", 0, 6, 0, 0, 0, 0, 0, 0, 0, 0, 0, 3, 9
"d:\flutter_projects\main\youtube-flutter-clone\lib\data\models\videos_details\video_details_extension.dart", "Dart", 0, 45, 0, 0, 0, 0, 0, 0, 0, 0, 1, 5, 51
"d:\flutter_projects\main\youtube-flutter-clone\lib\data\models\videos_details\videos_details.dart", "Dart", 0, 99, 0, 0, 0, 0, 0, 0, 0, 0, 0, 18, 117
"d:\flutter_projects\main\youtube-flutter-clone\lib\data\models\videos_details\videos_details.g.dart", "Dart", 0, 53, 0, 0, 0, 0, 0, 0, 0, 0, 4, 8, 65
"d:\flutter_projects\main\youtube-flutter-clone\lib\data\repositories_impl\channel\channel_details_repo_impl.dart", "Dart", 0, 72, 0, 0, 0, 0, 0, 0, 0, 0, 0, 9, 81
"d:\flutter_projects\main\youtube-flutter-clone\lib\data\repositories_impl\channel\channel_playlist_repo_impl.dart", "Dart", 0, 33, 0, 0, 0, 0, 0, 0, 0, 0, 0, 8, 41
"d:\flutter_projects\main\youtube-flutter-clone\lib\data\repositories_impl\channel\channel_videos_repo_impl.dart", "Dart", 0, 67, 0, 0, 0, 0, 0, 0, 0, 0, 0, 16, 83
"d:\flutter_projects\main\youtube-flutter-clone\lib\data\repositories_impl\search_details_repo_impl.dart", "Dart", 0, 52, 0, 0, 0, 0, 0, 0, 0, 0, 0, 12, 64
"d:\flutter_projects\main\youtube-flutter-clone\lib\data\repositories_impl\single_video_details\single_video_details_repo_impl.dart", "Dart", 0, 37, 0, 0, 0, 0, 0, 0, 0, 0, 0, 8, 45
"d:\flutter_projects\main\youtube-flutter-clone\lib\data\repositories_impl\single_video_details\video_comment_details_repo_impl.dart", "Dart", 0, 43, 0, 0, 0, 0, 0, 0, 0, 0, 0, 7, 50
"d:\flutter_projects\main\youtube-flutter-clone\lib\data\repositories_impl\videos_details_repo_impl.dart", "Dart", 0, 72, 0, 0, 0, 0, 0, 0, 0, 0, 0, 16, 88
"d:\flutter_projects\main\youtube-flutter-clone\lib\domain\entities\channel_details_use_case_parameters.dart", "Dart", 0, 4, 0, 0, 0, 0, 0, 0, 0, 0, 0, 1, 5
"d:\flutter_projects\main\youtube-flutter-clone\lib\domain\entities\video_details_use_case_parameter.dart", "Dart", 0, 4, 0, 0, 0, 0, 0, 0, 0, 0, 0, 2, 6
"d:\flutter_projects\main\youtube-flutter-clone\lib\domain\repositories\channel\channel_details_repository.dart", "Dart", 0, 13, 0, 0, 0, 0, 0, 0, 0, 0, 0, 2, 15
"d:\flutter_projects\main\youtube-flutter-clone\lib\domain\repositories\channel\channel_playlist_repository.dart", "Dart", 0, 9, 0, 0, 0, 0, 0, 0, 0, 0, 0, 3, 12
"d:\flutter_projects\main\youtube-flutter-clone\lib\domain\repositories\channel\channel_videos_repository.dart", "Dart", 0, 16, 0, 0, 0, 0, 0, 0, 0, 0, 0, 4, 20
"d:\flutter_projects\main\youtube-flutter-clone\lib\domain\repositories\search_details_repository.dart", "Dart", 0, 10, 0, 0, 0, 0, 0, 0, 0, 0, 0, 2, 12
"d:\flutter_projects\main\youtube-flutter-clone\lib\domain\repositories\video_comment_details\single_video_details_repository.dart", "Dart", 0, 6, 0, 0, 0, 0, 0, 0, 0, 0, 0, 2, 8
"d:\flutter_projects\main\youtube-flutter-clone\lib\domain\repositories\video_comment_details\video_comment_details_repositroy.dart", "Dart", 0, 9, 0, 0, 0, 0, 0, 0, 0, 0, 0, 2, 11
"d:\flutter_projects\main\youtube-flutter-clone\lib\domain\repositories\videos_details_repository.dart", "Dart", 0, 10, 0, 0, 0, 0, 0, 0, 0, 0, 0, 2, 12
"d:\flutter_projects\main\youtube-flutter-clone\lib\domain\use_cases\channel_details\channel_sub_details_use_case.dart", "Dart", 0, 18, 0, 0, 0, 0, 0, 0, 0, 0, 0, 3, 21
"d:\flutter_projects\main\youtube-flutter-clone\lib\domain\use_cases\channel_details\channel_videos\channel_popular_videos_use_case.dart", "Dart", 0, 17, 0, 0, 0, 0, 0, 0, 0, 0, 0, 4, 21
"d:\flutter_projects\main\youtube-flutter-clone\lib\domain\use_cases\channel_details\channel_videos\channel_short_poupal_videos_use_case.dart", "Dart", 0, 17, 0, 0, 0, 0, 0, 0, 0, 0, 0, 4, 21
"d:\flutter_projects\main\youtube-flutter-clone\lib\domain\use_cases\channel_details\channel_videos\channel_short_videos_use_case.dart", "Dart", 0, 17, 0, 0, 0, 0, 0, 0, 0, 0, 0, 4, 21
"d:\flutter_projects\main\youtube-flutter-clone\lib\domain\use_cases\channel_details\channel_videos\channel_videos_use_case.dart", "Dart", 0, 17, 0, 0, 0, 0, 0, 0, 0, 0, 0, 4, 21
"d:\flutter_projects\main\youtube-flutter-clone\lib\domain\use_cases\channel_details\delete_subscription_use_case.dart", "Dart", 0, 11, 0, 0, 0, 0, 0, 0, 0, 0, 0, 4, 15
"d:\flutter_projects\main\youtube-flutter-clone\lib\domain\use_cases\channel_details\my_subscriptions_channels_use_case.dart", "Dart", 0, 11, 0, 0, 0, 0, 0, 0, 0, 0, 0, 4, 15
"d:\flutter_projects\main\youtube-flutter-clone\lib\domain\use_cases\channel_details\playlist\channel_playlist_items_use_case.dart", "Dart", 0, 21, 0, 0, 0, 0, 0, 0, 0, 0, 0, 6, 27
"d:\flutter_projects\main\youtube-flutter-clone\lib\domain\use_cases\channel_details\playlist\channel_playlists_use_case.dart", "Dart", 0, 16, 0, 0, 0, 0, 0, 0, 0, 0, 0, 4, 20
"d:\flutter_projects\main\youtube-flutter-clone\lib\domain\use_cases\channel_details\subscribe_to_channel_use_case.dart", "Dart", 0, 15, 0, 0, 0, 0, 0, 0, 0, 0, 0, 4, 19
"d:\flutter_projects\main\youtube-flutter-clone\lib\domain\use_cases\search_details\related_videos_to_this_video_use_case.dart", "Dart", 0, 20, 0, 0, 0, 0, 0, 0, 0, 0, 0, 5, 25
"d:\flutter_projects\main\youtube-flutter-clone\lib\domain\use_cases\search_details\search_for_this_sentence_use_case.dart", "Dart", 0, 20, 0, 0, 0, 0, 0, 0, 0, 0, 0, 5, 25
"d:\flutter_projects\main\youtube-flutter-clone\lib\domain\use_cases\search_details\suggestion_search_texts_use_case.dart", "Dart", 0, 20, 0, 0, 0, 0, 0, 0, 0, 0, 0, 5, 25
"d:\flutter_projects\main\youtube-flutter-clone\lib\domain\use_cases\single_video\comment\get_all_comments_use_case.dart", "Dart", 0, 16, 0, 0, 0, 0, 0, 0, 0, 0, 0, 4, 20
"d:\flutter_projects\main\youtube-flutter-clone\lib\domain\use_cases\single_video\comment\get_all_replies_use_case.dart", "Dart", 0, 19, 0, 0, 0, 0, 0, 0, 0, 0, 0, 6, 25
"d:\flutter_projects\main\youtube-flutter-clone\lib\domain\use_cases\single_video\comment\get_first_comment_use_case.dart", "Dart", 0, 16, 0, 0, 0, 0, 0, 0, 0, 0, 0, 4, 20
"d:\flutter_projects\main\youtube-flutter-clone\lib\domain\use_cases\single_video\get_video_details_use_case.dart", "Dart", 0, 16, 0, 0, 0, 0, 0, 0, 0, 0, 0, 4, 20
"d:\flutter_projects\main\youtube-flutter-clone\lib\domain\use_cases\single_video\rate_video_use_case.dart", "Dart", 0, 16, 0, 0, 0, 0, 0, 0, 0, 0, 7, 7, 30
"d:\flutter_projects\main\youtube-flutter-clone\lib\domain\use_cases\videos_details\all_short_videos_use_case.dart", "Dart", 0, 12, 0, 0, 0, 0, 0, 0, 0, 0, 0, 4, 16
"d:\flutter_projects\main\youtube-flutter-clone\lib\domain\use_cases\videos_details\all_videos_use_case.dart", "Dart", 0, 13, 0, 0, 0, 0, 0, 0, 0, 0, 0, 4, 17
"d:\flutter_projects\main\youtube-flutter-clone\lib\domain\use_cases\videos_details\most_popular_videos_use_case.dart", "Dart", 0, 19, 0, 0, 0, 0, 0, 0, 0, 0, 0, 6, 25
"d:\flutter_projects\main\youtube-flutter-clone\lib\main.dart", "Dart", 0, 12, 0, 0, 0, 0, 0, 0, 0, 0, 8, 6, 26
"d:\flutter_projects\main\youtube-flutter-clone\lib\presentation\common_widgets\circular_profile_image.dart", "Dart", 0, 57, 0, 0, 0, 0, 0, 0, 0, 0, 0, 8, 65
"d:\flutter_projects\main\youtube-flutter-clone\lib\presentation\common_widgets\custom_circle_progress.dart", "Dart", 0, 29, 0, 0, 0, 0, 0, 0, 0, 0, 0, 5, 34
"d:\flutter_projects\main\youtube-flutter-clone\lib\presentation\common_widgets\custom_network_display.dart", "Dart", 0, 40, 0, 0, 0, 0, 0, 0, 0, 0, 0, 6, 46
"d:\flutter_projects\main\youtube-flutter-clone\lib\presentation\common_widgets\mini_player_video.dart", "Dart", 0, 432, 0, 0, 0, 0, 0, 0, 0, 0, 11, 37, 480
"d:\flutter_projects\main\youtube-flutter-clone\lib\presentation\common_widgets\read_more.dart", "Dart", 0, 0, 0, 0, 0, 0, 0, 0, 0, 0, 23, 1, 24
"d:\flutter_projects\main\youtube-flutter-clone\lib\presentation\common_widgets\subscribe_button.dart", "Dart", 0, 18, 0, 0, 0, 0, 0, 0, 0, 0, 0, 5, 23
"d:\flutter_projects\main\youtube-flutter-clone\lib\presentation\common_widgets\thumbnail_image.dart", "Dart", 0, 46, 0, 0, 0, 0, 0, 0, 0, 0, 0, 6, 52
"d:\flutter_projects\main\youtube-flutter-clone\lib\presentation\common_widgets\thumbnail_of_video.dart", "Dart", 0, 116, 0, 0, 0, 0, 0, 0, 0, 0, 0, 7, 123
"d:\flutter_projects\main\youtube-flutter-clone\lib\presentation\cubit\channel\channel_details_cubit.dart", "Dart", 0, 64, 0, 0, 0, 0, 0, 0, 0, 0, 0, 18, 82
"d:\flutter_projects\main\youtube-flutter-clone\lib\presentation\cubit\channel\channel_details_cubit.freezed.dart", "Dart", 0, 1021, 0, 0, 0, 0, 0, 0, 0, 0, 33, 115, 1169
"d:\flutter_projects\main\youtube-flutter-clone\lib\presentation\cubit\channel\channel_details_state.dart", "Dart", 0, 16, 0, 0, 0, 0, 0, 0, 0, 0, 0, 8, 24
"d:\flutter_projects\main\youtube-flutter-clone\lib\presentation\cubit\channel\channel_videos\channel_videos_cubit.dart", "Dart", 0, 61, 0, 0, 0, 0, 0, 0, 0, 0, 0, 18, 79
"d:\flutter_projects\main\youtube-flutter-clone\lib\presentation\cubit\channel\channel_videos\channel_videos_cubit.freezed.dart", "Dart", 0, 1048, 0, 0, 0, 0, 0, 0, 0, 0, 33, 127, 1208
"d:\flutter_projects\main\youtube-flutter-clone\lib\presentation\cubit\channel\channel_videos\channel_videos_state.dart", "Dart", 0, 16, 0, 0, 0, 0, 0, 0, 0, 0, 0, 8, 24
"d:\flutter_projects\main\youtube-flutter-clone\lib\presentation\cubit\channel\playlist\play_list_cubit.dart", "Dart", 0, 39, 0, 0, 0, 0, 0, 0, 0, 0, 0, 12, 51
"d:\flutter_projects\main\youtube-flutter-clone\lib\presentation\cubit\channel\playlist\play_list_cubit.freezed.dart", "Dart", 0, 682, 0, 0, 0, 0, 0, 0, 0, 0, 27, 91, 800
"d:\flutter_projects\main\youtube-flutter-clone\lib\presentation\cubit\channel\playlist\play_list_state.dart", "Dart", 0, 12, 0, 0, 0, 0, 0, 0, 0, 0, 0, 6, 18
"d:\flutter_projects\main\youtube-flutter-clone\lib\presentation\cubit\search\search_cubit.dart", "Dart", 0, 53, 0, 0, 0, 0, 0, 0, 0, 0, 0, 15, 68
"d:\flutter_projects\main\youtube-flutter-clone\lib\presentation\cubit\search\search_cubit.freezed.dart", "Dart", 0, 889, 0, 0, 0, 0, 0, 0, 0, 0, 30, 109, 1028
"d:\flutter_projects\main\youtube-flutter-clone\lib\presentation\cubit\search\search_state.dart", "Dart", 0, 14, 0, 0, 0, 0, 0, 0, 0, 0, 0, 7, 21
"d:\flutter_projects\main\youtube-flutter-clone\lib\presentation\cubit\single_video\single_video_cubit.dart", "Dart", 0, 66, 0, 0, 0, 0, 0, 0, 0, 0, 0, 17, 83
"d:\flutter_projects\main\youtube-flutter-clone\lib\presentation\cubit\single_video\single_video_cubit.freezed.dart", "Dart", 0, 1046, 0, 0, 0, 0, 0, 0, 0, 0, 33, 127, 1206
"d:\flutter_projects\main\youtube-flutter-clone\lib\presentation\cubit\single_video\single_video_state.dart", "Dart", 0, 16, 0, 0, 0, 0, 0, 0, 0, 0, 0, 8, 24
"d:\flutter_projects\main\youtube-flutter-clone\lib\presentation\cubit\videos\popular_videos\popular_videos_cubit.dart", "Dart", 0, 54, 0, 0, 0, 0, 0, 0, 0, 0, 0, 18, 72
"d:\flutter_projects\main\youtube-flutter-clone\lib\presentation\cubit\videos\popular_videos\popular_videos_cubit.freezed.dart", "Dart", 0, 1201, 0, 0, 0, 0, 0, 0, 0, 0, 33, 127, 1361
"d:\flutter_projects\main\youtube-flutter-clone\lib\presentation\cubit\videos\popular_videos\popular_videos_state.dart", "Dart", 0, 16, 0, 0, 0, 0, 0, 0, 0, 0, 0, 8, 24
"d:\flutter_projects\main\youtube-flutter-clone\lib\presentation\cubit\videos\videos_details_cubit.dart", "Dart", 0, 36, 0, 0, 0, 0, 0, 0, 0, 0, 0, 11, 47
"d:\flutter_projects\main\youtube-flutter-clone\lib\presentation\cubit\videos\videos_details_cubit.freezed.dart", "Dart", 0, 865, 0, 0, 0, 0, 0, 0, 0, 0, 30, 109, 1004
"d:\flutter_projects\main\youtube-flutter-clone\lib\presentation\cubit\videos\videos_details_state.dart", "Dart", 0, 14, 0, 0, 0, 0, 0, 0, 0, 0, 0, 7, 21
"d:\flutter_projects\main\youtube-flutter-clone\lib\presentation\custom_packages\custom_mini_player\custom_mini_player.dart", "Dart", 0, 319, 0, 0, 0, 0, 0, 0, 0, 0, 36, 79, 434
"d:\flutter_projects\main\youtube-flutter-clone\lib\presentation\custom_packages\custom_mini_player\mini_player_will_pop_scope.dart", "Dart", 0, 54, 0, 0, 0, 0, 0, 0, 0, 0, 0, 13, 67
"d:\flutter_projects\main\youtube-flutter-clone\lib\presentation\custom_packages\custom_mini_player\utils.dart", "Dart", 0, 27, 0, 0, 0, 0, 0, 0, 0, 0, 1, 5, 33
"d:\flutter_projects\main\youtube-flutter-clone\lib\presentation\custom_packages\pod_player\pod_player.dart", "Dart", 0, 12, 0, 0, 0, 0, 0, 0, 0, 0, 0, 3, 15
"d:\flutter_projects\main\youtube-flutter-clone\lib\presentation\custom_packages\pod_player\src\controllers\pod_base_controller.dart", "Dart", 0, 86, 0, 0, 0, 0, 0, 0, 0, 0, 8, 22, 116
"d:\flutter_projects\main\youtube-flutter-clone\lib\presentation\custom_packages\pod_player\src\controllers\pod_gestures_controller.dart", "Dart", 0, 69, 0, 0, 0, 0, 0, 0, 0, 0, 3, 12, 84
"d:\flutter_projects\main\youtube-flutter-clone\lib\presentation\custom_packages\pod_player\src\controllers\pod_getx_video_controller.dart", "Dart", 0, 253, 0, 0, 0, 0, 0, 0, 0, 0, 17, 34, 304
"d:\flutter_projects\main\youtube-flutter-clone\lib\presentation\custom_packages\pod_player\src\controllers\pod_player_controller.dart", "Dart", 0, 171, 0, 0, 0, 0, 0, 0, 0, 0, 46, 52, 269
"d:\flutter_projects\main\youtube-flutter-clone\lib\presentation\custom_packages\pod_player\src\controllers\pod_ui_controller.dart", "Dart", 0, 11, 0, 0, 0, 0, 0, 0, 0, 0, 3, 5, 19
"d:\flutter_projects\main\youtube-flutter-clone\lib\presentation\custom_packages\pod_player\src\controllers\pod_video_controller.dart", "Dart", 0, 214, 0, 0, 0, 0, 0, 0, 0, 0, 16, 28, 258
"d:\flutter_projects\main\youtube-flutter-clone\lib\presentation\custom_packages\pod_player\src\controllers\pod_video_quality_controller.dart", "Dart", 0, 102, 0, 0, 0, 0, 0, 0, 0, 0, 13, 20, 135
"d:\flutter_projects\main\youtube-flutter-clone\lib\presentation\custom_packages\pod_player\src\models\overlay_options.dart", "Dart", 0, 29, 0, 0, 0, 0, 0, 0, 0, 0, 0, 2, 31
"d:\flutter_projects\main\youtube-flutter-clone\lib\presentation\custom_packages\pod_player\src\models\play_video_from.dart", "Dart", 0, 133, 0, 0, 0, 0, 0, 0, 0, 0, 2, 8, 143
"d:\flutter_projects\main\youtube-flutter-clone\lib\presentation\custom_packages\pod_player\src\models\pod_player_config.dart", "Dart", 0, 29, 0, 0, 0, 0, 0, 0, 0, 0, 5, 4, 38
"d:\flutter_projects\main\youtube-flutter-clone\lib\presentation\custom_packages\pod_player\src\models\pod_player_labels.dart", "Dart", 0, 30, 0, 0, 0, 0, 0, 0, 0, 0, 1, 2, 33
"d:\flutter_projects\main\youtube-flutter-clone\lib\presentation\custom_packages\pod_player\src\models\pod_progress_bar_config.dart", "Dart", 0, 89, 0, 0, 0, 0, 0, 0, 0, 0, 15, 20, 124
"d:\flutter_projects\main\youtube-flutter-clone\lib\presentation\custom_packages\pod_player\src\models\vimeo_models.dart", "Dart", 0, 10, 0, 0, 0, 0, 0, 0, 0, 0, 0, 2, 12
"d:\flutter_projects\main\youtube-flutter-clone\lib\presentation\custom_packages\pod_player\src\pod_player.dart", "Dart", 0, 218, 0, 0, 0, 0, 0, 0, 0, 0, 15, 23, 256
"d:\flutter_projects\main\youtube-flutter-clone\lib\presentation\custom_packages\pod_player\src\utils\enums.dart", "Dart", 0, 15, 0, 0, 0, 0, 0, 0, 0, 0, 0, 2, 17
"d:\flutter_projects\main\youtube-flutter-clone\lib\presentation\custom_packages\pod_player\src\utils\logger.dart", "Dart", 0, 4, 0, 0, 0, 0, 0, 0, 0, 0, 0, 3, 7
"d:\flutter_projects\main\youtube-flutter-clone\lib\presentation\custom_packages\pod_player\src\utils\video_apis.dart", "Dart", 0, 116, 0, 0, 0, 0, 0, 0, 0, 0, 1, 7, 124
"d:\flutter_projects\main\youtube-flutter-clone\lib\presentation\custom_packages\pod_player\src\widgets\animated_play_pause_icon.dart", "Dart", 0, 89, 0, 0, 0, 0, 0, 0, 0, 0, 1, 10, 100
"d:\flutter_projects\main\youtube-flutter-clone\lib\presentation\custom_packages\pod_player\src\widgets\core\overlays\mobile_bottomsheet.dart", "Dart", 0, 275, 0, 0, 0, 0, 0, 0, 0, 0, 0, 17, 292
"d:\flutter_projects\main\youtube-flutter-clone\lib\presentation\custom_packages\pod_player\src\widgets\core\overlays\mobile_overlay.dart", "Dart", 0, 178, 0, 0, 0, 0, 0, 0, 0, 0, 0, 9, 187
"d:\flutter_projects\main\youtube-flutter-clone\lib\presentation\custom_packages\pod_player\src\widgets\core\overlays\overlays.dart", "Dart", 0, 64, 0, 0, 0, 0, 0, 0, 0, 0, 4, 5, 73
"d:\flutter_projects\main\youtube-flutter-clone\lib\presentation\custom_packages\pod_player\src\widgets\core\overlays\web_dropdown_menu.dart", "Dart", 0, 188, 0, 0, 0, 0, 0, 0, 0, 0, 2, 9, 199
"d:\flutter_projects\main\youtube-flutter-clone\lib\presentation\custom_packages\pod_player\src\widgets\core\overlays\web_overlay.dart", "Dart", 0, 208, 0, 0, 0, 0, 0, 0, 0, 0, 0, 8, 216
"d:\flutter_projects\main\youtube-flutter-clone\lib\presentation\custom_packages\pod_player\src\widgets\core\pod_core_player.dart", "Dart", 0, 162, 0, 0, 0, 0, 0, 0, 0, 0, 12, 6, 180
"d:\flutter_projects\main\youtube-flutter-clone\lib\presentation\custom_packages\pod_player\src\widgets\core\video_gesture_detector.dart", "Dart", 0, 29, 0, 0, 0, 0, 0, 0, 0, 0, 0, 5, 34
"d:\flutter_projects\main\youtube-flutter-clone\lib\presentation\custom_packages\pod_player\src\widgets\full_screen_view.dart", "Dart", 0, 81, 0, 0, 0, 0, 0, 0, 0, 0, 0, 10, 91
"d:\flutter_projects\main\youtube-flutter-clone\lib\presentation\custom_packages\pod_player\src\widgets\material_icon_button.dart", "Dart", 0, 44, 0, 0, 0, 0, 0, 0, 0, 0, 1, 3, 48
"d:\flutter_projects\main\youtube-flutter-clone\lib\presentation\custom_packages\pod_player\src\widgets\pod_progress_bar.dart", "Dart", 0, 238, 0, 0, 0, 0, 0, 0, 0, 0, 1, 25, 264
"d:\flutter_projects\main\youtube-flutter-clone\lib\presentation\layouts\base_layout.dart", "Dart", 0, 103, 0, 0, 0, 0, 0, 0, 0, 0, 0, 13, 116
"d:\flutter_projects\main\youtube-flutter-clone\lib\presentation\pages\channel_profile\channel_profile_logic.dart", "Dart", 0, 7, 0, 0, 0, 0, 0, 0, 0, 0, 0, 4, 11
"d:\flutter_projects\main\youtube-flutter-clone\lib\presentation\pages\channel_profile\profile_page.dart", "Dart", 0, 90, 0, 0, 0, 0, 0, 0, 0, 0, 0, 10, 100
"d:\flutter_projects\main\youtube-flutter-clone\lib\presentation\pages\channel_profile\tab_bar_views\about_view.dart", "Dart", 0, 63, 0, 0, 0, 0, 0, 0, 0, 0, 0, 3, 66
"d:\flutter_projects\main\youtube-flutter-clone\lib\presentation\pages\channel_profile\tab_bar_views\channels_view.dart", "Dart", 0, 0, 0, 0, 0, 0, 0, 0, 0, 0, 0, 1, 1
"d:\flutter_projects\main\youtube-flutter-clone\lib\presentation\pages\channel_profile\tab_bar_views\community_view.dart", "Dart", 0, 0, 0, 0, 0, 0, 0, 0, 0, 0, 0, 1, 1
"d:\flutter_projects\main\youtube-flutter-clone\lib\presentation\pages\channel_profile\tab_bar_views\home_view.dart", "Dart", 0, 56, 0, 0, 0, 0, 0, 0, 0, 0, 0, 8, 64
"d:\flutter_projects\main\youtube-flutter-clone\lib\presentation\pages\channel_profile\tab_bar_views\playlists_view.dart", "Dart", 0, 0, 0, 0, 0, 0, 0, 0, 0, 0, 0, 1, 1
"d:\flutter_projects\main\youtube-flutter-clone\lib\presentation\pages\channel_profile\tab_bar_views\shorts_view.dart", "Dart", 0, 0, 0, 0, 0, 0, 0, 0, 0, 0, 0, 1, 1
"d:\flutter_projects\main\youtube-flutter-clone\lib\presentation\pages\channel_profile\tab_bar_views\videos_horizontal_descriptions_list.dart", "Dart", 0, 49, 0, 0, 0, 0, 0, 0, 0, 0, 0, 3, 52
"d:\flutter_projects\main\youtube-flutter-clone\lib\presentation\pages\channel_profile\tab_bar_views\videos_view.dart", "Dart", 0, 153, 0, 0, 0, 0, 0, 0, 0, 0, 0, 21, 174
"d:\flutter_projects\main\youtube-flutter-clone\lib\presentation\pages\channel_profile\user_profile_page.dart", "Dart", 0, 162, 0, 0, 0, 0, 0, 0, 0, 0, 0, 14, 176
"d:\flutter_projects\main\youtube-flutter-clone\lib\presentation\pages\home\logic\home_page_logic.dart", "Dart", 0, 27, 0, 0, 0, 0, 0, 0, 0, 0, 0, 11, 38
"d:\flutter_projects\main\youtube-flutter-clone\lib\presentation\pages\home\sub_views\most_popular_videos_page.dart", "Dart", 0, 265, 0, 0, 0, 0, 0, 0, 0, 0, 0, 25, 290
"d:\flutter_projects\main\youtube-flutter-clone\lib\presentation\pages\home\views\home_page.dart", "Dart", 0, 194, 0, 0, 0, 0, 0, 0, 0, 0, 0, 18, 212
"d:\flutter_projects\main\youtube-flutter-clone\lib\presentation\pages\library\library_page.dart", "Dart", 0, 434, 0, 0, 0, 0, 0, 0, 0, 0, 0, 36, 470
"d:\flutter_projects\main\youtube-flutter-clone\lib\presentation\pages\search\search_page.dart", "Dart", 0, 87, 0, 0, 0, 0, 0, 0, 0, 0, 1, 7, 95
"d:\flutter_projects\main\youtube-flutter-clone\lib\presentation\pages\search\searched_results_page.dart", "Dart", 0, 63, 0, 0, 0, 0, 0, 0, 0, 0, 1, 7, 71
"d:\flutter_projects\main\youtube-flutter-clone\lib\presentation\pages\search\widgets\mic_button.dart", "Dart", 0, 15, 0, 0, 0, 0, 0, 0, 0, 0, 0, 5, 20
"d:\flutter_projects\main\youtube-flutter-clone\lib\presentation\pages\search\widgets\searched_text_field.dart", "Dart", 0, 47, 0, 0, 0, 0, 0, 0, 0, 0, 0, 3, 50
"d:\flutter_projects\main\youtube-flutter-clone\lib\presentation\pages\subscriptions\logic\subscriptions_page_logic.dart", "Dart", 0, 4, 0, 0, 0, 0, 0, 0, 0, 0, 0, 4, 8
"d:\flutter_projects\main\youtube-flutter-clone\lib\presentation\pages\subscriptions\subscriptions_page.dart", "Dart", 0, 251, 0, 0, 0, 0, 0, 0, 0, 0, 0, 22, 273
"d:\flutter_projects\main\youtube-flutter-clone\linux\flutter\generated_plugin_registrant.cc", "C++", 0, 0, 0, 0, 0, 0, 3, 0, 0, 0, 4, 5, 12
"d:\flutter_projects\main\youtube-flutter-clone\linux\flutter\generated_plugin_registrant.h", "C++", 0, 0, 0, 0, 0, 0, 5, 0, 0, 0, 5, 6, 16
"d:\flutter_projects\main\youtube-flutter-clone\linux\main.cc", "C++", 0, 0, 0, 0, 0, 0, 5, 0, 0, 0, 0, 2, 7
"d:\flutter_projects\main\youtube-flutter-clone\linux\my_application.cc", "C++", 0, 0, 0, 0, 0, 0, 74, 0, 0, 0, 11, 20, 105
"d:\flutter_projects\main\youtube-flutter-clone\linux\my_application.h", "C++", 0, 0, 0, 0, 0, 0, 7, 0, 0, 0, 7, 5, 19
"d:\flutter_projects\main\youtube-flutter-clone\macos\Flutter\GeneratedPluginRegistrant.swift", "Swift", 0, 0, 0, 0, 0, 12, 0, 0, 0, 0, 3, 4, 19
"d:\flutter_projects\main\youtube-flutter-clone\macos\Runner\AppDelegate.swift", "Swift", 0, 0, 0, 0, 0, 8, 0, 0, 0, 0, 0, 2, 10
"d:\flutter_projects\main\youtube-flutter-clone\macos\Runner\Assets.xcassets\AppIcon.appiconset\Contents.json", "JSON", 0, 0, 0, 68, 0, 0, 0, 0, 0, 0, 0, 1, 69
"d:\flutter_projects\main\youtube-flutter-clone\macos\Runner\Base.lproj\MainMenu.xib", "XML", 0, 0, 0, 0, 0, 0, 0, 343, 0, 0, 0, 1, 344
"d:\flutter_projects\main\youtube-flutter-clone\macos\Runner\MainFlutterWindow.swift", "Swift", 0, 0, 0, 0, 0, 12, 0, 0, 0, 0, 0, 4, 16
"d:\flutter_projects\main\youtube-flutter-clone\pubspec.yaml", "YAML", 46, 0, 0, 0, 0, 0, 0, 0, 0, 0, 60, 16, 122
"d:\flutter_projects\main\youtube-flutter-clone\test\widget_test.dart", "Dart", 0, 14, 0, 0, 0, 0, 0, 0, 0, 0, 10, 6, 30
"d:\flutter_projects\main\youtube-flutter-clone\web\index.html", "HTML", 0, 0, 0, 0, 38, 0, 0, 0, 0, 0, 16, 6, 60
"d:\flutter_projects\main\youtube-flutter-clone\web\manifest.json", "JSON", 0, 0, 0, 35, 0, 0, 0, 0, 0, 0, 0, 1, 36
"d:\flutter_projects\main\youtube-flutter-clone\windows\flutter\generated_plugin_registrant.cc", "C++", 0, 0, 0, 0, 0, 0, 3, 0, 0, 0, 4, 5, 12
"d:\flutter_projects\main\youtube-flutter-clone\windows\flutter\generated_plugin_registrant.h", "C++", 0, 0, 0, 0, 0, 0, 5, 0, 0, 0, 5, 6, 16
"d:\flutter_projects\main\youtube-flutter-clone\windows\runner\flutter_window.cpp", "C++", 0, 0, 0, 0, 0, 0, 48, 0, 0, 0, 4, 15, 67
"d:\flutter_projects\main\youtube-flutter-clone\windows\runner\flutter_window.h", "C++", 0, 0, 0, 0, 0, 0, 20, 0, 0, 0, 5, 9, 34
"d:\flutter_projects\main\youtube-flutter-clone\windows\runner\main.cpp", "C++", 0, 0, 0, 0, 0, 0, 30, 0, 0, 0, 4, 10, 44
"d:\flutter_projects\main\youtube-flutter-clone\windows\runner\resource.h", "C++", 0, 0, 0, 0, 0, 0, 9, 0, 0, 0, 6, 2, 17
"d:\flutter_projects\main\youtube-flutter-clone\windows\runner\utils.cpp", "C++", 0, 0, 0, 0, 0, 0, 53, 0, 0, 0, 2, 10, 65
"d:\flutter_projects\main\youtube-flutter-clone\windows\runner\utils.h", "C++", 0, 0, 0, 0, 0, 0, 8, 0, 0, 0, 6, 6, 20
"d:\flutter_projects\main\youtube-flutter-clone\windows\runner\win32_window.cpp", "C++", 0, 0, 0, 0, 0, 0, 210, 0, 0, 0, 24, 55, 289
"d:\flutter_projects\main\youtube-flutter-clone\windows\runner\win32_window.h", "C++", 0, 0, 0, 0, 0, 0, 48, 0, 0, 0, 31, 24, 103
"Total", "-", 133, 21885, 13, 248, 38, 44, 529, 822, 91, 8, 1213, 3252, 28276